{
  "108/0538-486e105c01000aur-055.md": 1776358495.2366366,
  "108/0978-486e105c01008xip-105.md": 1776358495.2455606,
  "108/0891-486e105c01008a66-097.md": 1776358495.2442787,
  "108/0402-486e105c010007j8-015.md": 1776358495.228157,
  "108/0869-486e105c0100869y-093.md": 1776358495.2435772,
  "108/0877-486e105c010087ty-094.md": 1776358495.2437766,
  "108/0682-486e105c01000ck3-079.md": 1776358495.2409797,
  "108/0879-486e105c0100883w-095.md": 1776358495.2439497,
  "108/1104-486e105c0100abkx-108.md": 1776358495.2459912,
  "108/0424-486e105c010007zw-020.md": 1776358495.2290502,
  "108/0558-486e105c01000b9n-061.md": 1776358495.2376208,
  "108/0513-486e105c01000a1n-048.md": 1776358495.2349596,
  "108/0556-486e105c01000b83-060.md": 1776358495.2374651,
  "108/0516-486e105c01000a5i-050.md": 1776358495.2353451,
  "108/0569-486e105c01000bgd-063.md": 1776358495.238142,
  "108/0960-486e105c01008rxy-104.md": 1776358495.245458,
  "108/0675-486e105c01000cih-077.md": 1776358495.2406552,
  "108/0397-486e105c010007gw-013.md": 1776358495.22785,
  "108/0541-486e105c01000awo-056.md": 1776358495.2368197,
  "108/0800-486e105c01000eor-090.md": 1776358495.2431056,
  "108/0718-486e105c01000cx4-084.md": 1776358495.241993,
  "108/0499-486e105c010009mm-043.md": 1776358495.2340798,
  "108/0515-486e105c01000a52-049.md": 1776358495.2351959,
  "108/0502-486e105c010009oo-044.md": 1776358495.2342594,
  "108/0648-486e105c01000cbj-072.md": 1776358495.2398844,
  "108/0637-486e105c01000c86-070.md": 1776358495.2395253,
  "108/0392-486e105c010007dc-011.md": 1776358495.2275338,
  "108/0639-486e105c01000c8i-071.md": 1776358495.2396839,
  "108/0430-486e105c0100083z-022.md": 1776358495.2293758,
  "108/0952-486e105c01008pri-103.md": 1776358495.2452972,
  "108/0504-486e105c010009q2-045.md": 1776358495.2344599,
  "108/0187-486e105c01000461-001.md": 1776358495.2258568,
  "108/0536-486e105c01000asd-W003.md": 1776358495.2364805,
  "108/0190-486e105c0100047p-003.md": 1776358495.2260764,
  "108/0475-486e105c01000914-035.md": 1776358495.2321913,
  "108/0497-486e105c010009l8-042.md": 1776358495.233866,
  "108/0593-486e105c01000bpo-065.md": 1776358495.2385478,
  "108/0449-486e105c010008h4-027.md": 1776358495.230474,
  "108/0677-486e105c01000cio-078.md": 1776358495.240832,
  "108/0902-486e105c01008c13-098.md": 1776358495.2444415,
  "108/0521-486e105c01000ah1-051.md": 1776358495.2355266,
  "108/0459-486e105c010008np-030.md": 1776358495.2312367,
  "108/0527-486e105c01000akx-W005.md": 1776358495.2357004,
  "108/0509-486e105c010009uy-046.md": 1776358495.2346349,
  "108/0394-486e105c010007ee-012.md": 1776358495.2276874,
  "108/0695-486e105c01000cmz-081.md": 1776358495.24138,
  "108/0931-486e105c01008l97-101.md": 1776358495.2450333,
  "108/0545-486e105c01000az8-058.md": 1776358495.237147,
  "108/0433-486e105c01000869-023.md": 1776358495.2295542,
  "108/0747-486e105c01000e7a-086.md": 1776358495.242324,
  "108/0446-486e105c010008f9-026.md": 1776358495.2302454,
  "108/0627-486e105c01000c5b-069.md": 1776358495.2393658,
  "108/0456-486e105c010008la-029.md": 1776358495.2310424,
  "108/0596-486e105c01000bqt-(4).md": 1776358495.2386582,
  "108/0743-486e105c01000e6h-085.md": 1776358495.2421687,
  "108/0469-486e105c010008x4-033.md": 1776358495.2318158,
  "108/0461-486e105c010008ow-031.md": 1776358495.2314487,
  "108/0493-486e105c010009i4-041.md": 1776358495.233686,
  "108/0653-486e105c01000ccr-073.md": 1776358495.240042,
  "108/0452-486e105c010008jn-028.md": 1776358495.230811,
  "108/0614-486e105c01000c16-067.md": 1776358495.2389734,
  "108/0379-486e105c0100075q-007.md": 1776358495.2267804,
  "108/1053-486e105c01009tb9-106.md": 1776358495.2457182,
  "108/0383-486e105c01000786-008.md": 1776358495.2269826,
  "108/0436-486e105c0100087y-024.md": 1776358495.2297313,
  "108/0420-486e105c010007u7-019.md": 1776358495.2288923,
  "108/0825-486e105c01007wc1-091.md": 1776358495.243327,
  "108/0385-486e105c0100079a-009.md": 1776358495.2271614,
  "108/0920-486e105c01008j5w-100.md": 1776358495.2448778,
  "108/0534-486e105c01000aqw-053.md": 1776358495.236122,
  "108/0912-486e105c01008hb0-(0).md": 1776358495.2447195,
  "108/0530-486e105c01000amw-052.md": 1776358495.235909,
  "108/1092-486e105c0100a847-107.md": 1776358495.2458794,
  "108/0419-486e105c010007t8-018.md": 1776358495.2287507,
  "108/0202-486e105c010004g8-004.md": 1776358495.2262712,
  "108/0467-486e105c010008vo-032.md": 1776358495.2316427,
  "108/0708-486e105c01000cq4-082.md": 1776358495.2416093,
  "108/0206-486e105c010004i9-005.md": 1776358495.2264304,
  "108/0511-486e105c010009wz-047.md": 1776358495.2347896,
  "108/0535-486e105c01000arw-054.md": 1776358495.236326,
  "108/0619-486e105c01000c2h-068.md": 1776358495.2391758,
  "108/0398-486e105c010007hd-014.md": 1776358495.22801,
  "108/0881-486e105c010088ec-096.md": 1776358495.244117,
  "108/0671-486e105c01000chg-076.md": 1776358495.2405264,
  "108/0934-486e105c01008lt8-102.md": 1776358495.2451882,
  "108/0911-486e105c01008gz2-099.md": 1776358495.2446046,
  "108/0483-486e105c0100099p-W004.md": 1776358495.232866,
  "108/0490-486e105c010009fp-040.md": 1776358495.233503,
  "108/0571-486e105c01000bgx-064.md": 1776358495.2383485,
  "108/0485-486e105c010009be-038.md": 1776358495.2331214,
  "108/0767-486e105c01000edy-088.md": 1776358495.2427206,
  "108/0481-486e105c01000974-037.md": 1776358495.2325895,
  "108/0659-486e105c01000cej-074.md": 1776358495.2402074,
  "108/0552-486e105c01000b52-059.md": 1776358495.237304,
  "108/0487-486e105c010009d5-039.md": 1776358495.2333434,
  "108/0844-486e105c01007zm6-092.md": 1776358495.2434537,
  "108/0473-486e105c0100090b-034.md": 1776358495.2320364,
  "108/0756-486e105c01000eah-087.md": 1776358495.2424912,
  "108/0478-486e105c0100093a-036.md": 1776358495.23236,
  "108/0567-486e105c01000bf2-062.md": 1776358495.2379112,
  "108/0782-486e105c01000ej2-089.md": 1776358495.2429533,
  "108/0355-486e105c010006sw-006.md": 1776358495.226609,
  "108/0428-486e105c0100082x-021.md": 1776358495.2292094,
  "108/0440-486e105c010008ak-025.md": 1776358495.2299407,
  "108/0684-486e105c01000ckk-080.md": 1776358495.2411723,
  "108/0387-486e105c010007a4-010.md": 1776358495.2273645,
  "108/0663-486e105c01000cf4-075.md": 1776358495.2403688,
  "108/0610-486e105c01000c05-066.md": 1776358495.2388074,
  "108/0188-486e105c01000467-002.md": 1776358495.225971,
  "108/0711-486e105c01000cqy-083.md": 1776358495.241792,
  "108/0412-486e105c010007p1-017.md": 1776358495.2285366,
  "108/0408-486e105c010007mr-016.md": 1776358495.2283652,
  "108/0542-486e105c01000ax3-057.md": 1776358495.2369864,
  "108/pic/0449.png": 1776358495.2498207,
  "108/pic/0511_1.png": 1776358495.2513778,
  "108/pic/0511_2.png": 1776358495.251859,
  "108/pic/0408_2.png": 1776358495.2473347,
  "108/pic/0408_3.png": 1776358495.2475326,
  "108/pic/0552_1.jpg": 1776358495.257531,
  "108/pic/0552_3.jpg": 1776358495.2586515,
  "108/pic/0408_1.png": 1776358495.2471163,
  "108/pic/0552_2.jpg": 1776358495.2581134,
  "108/pic/0398_3.png": 1776358495.2469,
  "108/pic/0614.jpg": 1776358495.2606697,
  "108/pic/0398_2.png": 1776358495.2467084,
  "108/pic/0637_1.jpg": 1776358495.2618744,
  "108/pic/0428.png": 1776358495.2482839,
  "108/pic/0637_2.jpg": 1776358495.2625983,
  "108/pic/0398_1.png": 1776358495.2464795,
  "108/pic/0436_3.png": 1776358495.248876,
  "108/pic/0558.jpg": 1776358495.2597623,
  "108/pic/0571.jpg": 1776358495.2604864,
  "108/pic/0436_2.png": 1776358495.2486546,
  "108/pic/0767.jpg": 1776358495.2634172,
  "108/pic/0567.jpg": 1776358495.2599273,
  "108/pic/0639.jpg": 1776358495.262772,
  "108/pic/0412.png": 1776358495.247723,
  "108/pic/0436_1.png": 1776358495.2484765,
  "108/pic/0440_3.png": 1776358495.2494106,
  "108/pic/0440_2.png": 1776358495.2492354,
  "108/pic/0556.jpg": 1776358495.2592282,
  "108/pic/0542.png": 1776358495.254712,
  "108/pic/0440_1.png": 1776358495.2490563,
  "108/pic/0541.png": 1776358495.253323,
  "108/pic/0800.png": 1776358495.2650924,
  "108/pic/0627.jpg": 1776358495.2612078,
  "108/pic/0394.png": 1776358495.2462382,